{
  "columns":[
    { "prop":"start_date,end_date",
      "label":"交易时间",
      "sortable":true,
      "disabled":true,
      "width": 200,
      "type": "connectSdateEdate"
    },
    { "prop":"money",
      "label":"存款金额",
      "sortable":true,
      "disabled":true,
      "type":"divisionMoney",
      "width": 150
    },
    { "prop":"coupon_money",
      "label":"优惠金额",
      "sortable":true,
      "disabled":true,
      "type":"divisionMoney",
      "width": 150
    },
    { "prop":"valid_bet",
      "label":"有效投注额",
      "disabled":true,
      "width": 150,
      "hover":true,
      "type":"linkDivisionMoney",
      "fn":"showRebateProportion"
    },
    {
      "prop":"withdraw_bet_principal",
      "label":"常态打码量",
      "sortable":true,
      "disabled":true,
      "width": 150,
      "type":"divisionMoney"
    },
    {
      "prop":"withdraw_bet_coupon",
      "label":"优惠打码量",
      "sortable":true,
      "disabled":true,
      "width": 150,
      "type":"divisionMoney"
    },
    { "prop":"is_pass",
      "label":"是否达到投注",
      "filters":[{ "text": "是", "value": true}, { "text": "否", "value": false}],
      "sortable":true,
      "disabled":true,
      "width": 150
    },
    { "prop":"deduct_coupon",
      "label":"扣除优惠",
      "sortable":true,
      "disabled":true,
      "type":"divisionMoney",
      "width": 150
    },
    { "prop":"deduct_admin_fee",
      "label":"扣除行政费",
      "sortable":true,
      "disabled":true,
      "type":"divisionMoney",
      "width": 150
    }]
}
