{
  "columns":[
    { "prop":"parentAgent",
      "label":"上级代理",
      "sortable":true
    },
    { "prop":"username",
      "label":"用户名",
      "sortable":true
    },
    { "prop":"zhnaghuzonge",
      "label":"帐户总金额",
      "sortable":true
    },
    {
      "prop":"lastshijian",
      "label":"最后登录时间",
      "sortable":true
    },
    {
      "prop":"jianlishijian",
      "label":"建立时间",
      "sortable":true
    },
    {
      "prop":"loginNum",
      "label":"登入次数",
      "sortable":true
    },
    {
      "prop":"lastIP",
      "label":"最后登录IP",
      "sortable":true
    },
    {
      "prop":"state",
      "label":"状态",
      "sortable":true
    },
    {
      "label":"操作",
      "type":"button",
      "width":"210px",
      "disabled":true,
      "btnGroup":[{"btnType":"text","label":"取消黑名单","fn":"doCancel"}]
    }]
}
