{
    "columns":[
        {   "prop":"id",
            "label":"id"
        },
        {   "prop":"user_id",
            "label":"userId"
        },
        {
            "prop":"user_name",
            "label":"用户名",
            "disabled":true,
            "fn":"openUserSet",
            "class":"state_blue",
            "width":"100"
        },
        {   "prop":"level",
            "label":"会员等级",
            "disabled":true,
            "width":"100"
        },
        {   "prop":"active_name",
            "label":"优惠活动名称",
            "width":"150",
            "sortable":true,
            "disabled":true
        },
        {   "prop":"active_title",
            "label":"优惠活动标题",
            "width":"150",
            "sortable":true,
            "disabled":true
        },
        {   "prop":"deposit_money",
            "label":"存款",
            "width":"100",
            "type":"divisionMoney",
            "sortable":true,
            "disabled":true
        },
        {   "prop":"coupon_money",
            "label":"优惠金额",
            "width":"100",
            "type":"linkConnectAdd",
            "fn":"doShowEdit",
            "disabled":true
        },
        {   "prop":"withdraw_require",
            "label":"取款条件",
            "width":"100",
            "type":"linkConnectAdd",
             "fn":"doEdit",
            "disabled":true
        },
        {
            "label":"申请详情",
            "type":"button",
            "width":"100",
            "disabled":true,
            "btnGroup":[{"btnType":"text","label":"详情","fn":"doViewInfo"}]
        },
        {   "prop":"apply_time",
            "label":"申请时间",
            "width":"200",
            "sortable":true,
            "disabled":true
        },
        {   "prop":"process_time",
            "label":"处理时间",
            "width":"200",
            "sortable":true,
            "disabled":true
        },
        {   "prop":"status",
            "label":"状态",
            "width":"80",
            "sortable":true,
            "filters":[{ "text": "未处理", "value": "pending"}, { "text": "已通过", "value": "pass"}, { "text": "已拒绝", "value": "rejected"}],
            "disabled":true
        },
        {
            "label":"操作",
            "type":"button",
            "width":"180",
            "disabled":true,
            "btnGroup":[{"btnType":"text","label":"通过","fn":"doAllow","prop":"status","val":"pending"},
                        {"btnType":"text","label":"拒绝","fn":"doRefuse","prop":"status","val":"pending"},
                        {"btnType":"text","label":"写备注","fn":"doWriteRemarks"}]
        },
        {   "prop":"memo",
            "label":"备注",
            "width":"150",
            "disabled":true
        }]
}
