{
    "columns":[
        {	"prop":"id",
            "label":"",
            "sortable":true
        },
        {	"prop":"username",
            "label":"外部订单号",
            "disabled":true
        },
        {	"prop":"username",
            "label":"存款金额",
            "disabled":true
        },
        {	"prop":"username",
            "label":"存款日期",
            "disabled":true
        },
        {	"prop":"username",
            "label":"会员帐号",
            "disabled":true
        },
        {	"prop":"username",
            "label":"层级",
            "disabled":true
        },
        {	"prop":"username",
            "label":"备注",
            "disabled":true
        }
    ]
}
