{
  "columns":[
      {
        "prop":"user_name",
        "label":"用户名",
        "fn":"openMember",
        "type":"link",
        "disabled":true,
        "width":"100"
      },
      {
        "prop":"agent",
        "label":"上级代理",
        "disabled":true,
        "width":"100"
      },
      {
        "prop":"account",
        "label":"第三方游戏账号",
        "disabled":true,
        "width":"150"
      },
      {
        "prop":"date",
        "label":"下注时间",
        "disabled":true,
        "width":"180"
      },
      {
        "prop":"order_number",
        "label":"注单号",
        "disabled":true,
        "width":"180"
      },
      { 
        "prop":"game_hall_id",
        "label":"游戏厅",
        "filters":[{"text":"旗舰厅", "value": "0"},{"text":"贵宾厅", "value": "1"},{"text":"金臂厅","value": "2"},{"text":"至尊厅","value": "3"}],
        "disabled":true,
        "width":"100"
      },
      {
        "prop":"game_name",
        "label":"视讯名称",
        "disabled":true,
        "width":"100"
      },
      {
        "prop":"tableId",
        "label":"桌号",
        "disabled":true,
        "width":"100"
      },
      { 
        "prop":"period",
        "label":"场次（靴局）",
        "width":"100",
        "disabled":true

      },  
      { 
        "prop":"result",
        "label":"视讯结果",
        "disabled":true,
        "type":"contentFilterLink",
        "width":"100",
        "fn":"openLive"
      },
      {
        "prop":"money",
        "label":"下注金额",
        "disabled":true,
        "type":"divisionMoney",
        "width":"100"
      },
      {
        "prop":"valid_money",
        "label":"有效投注",
        "disabled":true,
        "type":"divisionMoney",
        "width":"100"
      },
      {
        "prop":"win_loss",
        "label":"输赢",
        "disabled":true,
        "type":"divisionMoney",
        "width":"100"
      }
      
      
  ]
}
