{
    "columns":[
        {	"prop":"id",
            "label":"ID",
            "width":"100",
            "disabled":true
        },
        {	"prop":"code",
            "label":"银行代码",
            "width":"100",
            "disabled":true
        },
        {	"prop":"name",
            "label":"银行名称",
            "width":"200",
            "disabled":true
        },
        {	"prop":"shortname",
            "label":"银行简称",
            "width":"200",
            "disabled":true
        },
        {	"prop":"logo",
            "label":"LOGO",
            "width":"200",
            "type":"img",
            "disabled":true,
            "imgtype":"bank"
        },
        {	"prop":"created",
            "label":"建立时间",
            "width":"200",
            "disabled":true
        }
    ]
}
