{
    "columns":[
        {	"prop":"bank_name",
            "label":"银行名称",
            "width":"130",
            "disabled":true
        },
        {	"prop":"accountname,card,address",
            "label":"银行帐号名称",
            "width":"220",
            "disabled":true,
            "type":"connectString"
        },
        {	"prop":"levels",
            "label":"使用层级",
            "width":"100",
            "disabled":true
        },
        {
            "prop": "today,limit_day_max",
            "label": "今日累计/每日限额",
            "width": "200",
            "class": "tCent",
            "delimiter":"/",
            "type":"connect,divisionMoney",
            "disabled": true
        },
        {	"prop":"total",
            "label":"累计存款",
            "width":"150",
            "type":"divisionMoney",
            "disabled":true
        },
        {	"prop":"qrcode",
            "label":"二维码图片",
            "width":"110",
            "type":"img",
            "disabled":true
        },
        {	"prop":"created",
            "label":"建立时间",
            "width":"180",
            "type":"date",
            "sort": true,
            "sortType": "date",
            "disabled":true
        },
        {	"prop":"created_uname",
            "label":"建立人",
            "width":"90",
            "disabled":true
        },
        {	"prop":"state",
            "label":"状态",
            "width":"70",
            "type":"regular",
            "filters":[{ "text": "启用", "value": "enabled"}, { "text": "停用", "value": "disabled"}],
            "disabled":true
        },
        {	"prop":"sort",
            "label":"排序",
            "width":"70",
            "disabled":true
        },
        {	"label":"操作",
            "type":"button",
            "width":"150",
            "class":"tCent",
            "disabled":true,
            "filters":[{ "text": "停用", "value": "enabled"}, { "text": "启用", "value": ""}],
            "btnGroup":[
                {"btnType":"text","label":"编辑","fn":"doEdit"},
                {"btnType":"text","label":"启用","fn":"doEnable","filters":"disabled","key":"state"},
                {"btnType":"text","label":"停用","fn":"doDisable","filters":"enabled","key":"state"},
                 {"btnType":"text","label":"删除","fn":"doDelete"}
            ]
        }
    ]
}
