{
  "columns":[
    { "prop":"user_name",
      "label":"会员账号",
      "sortable":true,
      "width":"200",
      "disabled":true
    },
    { "prop":"agent_name",
      "label":"上级代理",
      "sortable":true,
      "width":"200",
      "disabled":true
    },
    { "prop":"level",
      "label":"层级",
      "sortable":true,
      "width":"200",
      "disabled":true
    },
    { "prop":"rebet_time",
      "label":"返水日期",
      "sortable":true,
        "width":"200",
      "disabled":true
    },
    { "prop":"withdraw_per",
      "label":"打码量(%)",
      "sortable":true,
       "width":"200",
      "disabled":true
    },
    { "prop":"valid_bet",
      "label":"有效投注金额",
      "sortable":true,
      "type":"divisionMoney",
      "width":"100",
      "disabled":true
    },
    { "prop":"coupon",
      "label":"返水金额",
      "type":"divisionMoney",
      "sortable":true,
       "width":"200",
      "disabled":true
    },
    { "prop":"name",
      "label":"活动名称",
      "sortable":true,
       "width":"100",
      "disabled":true
    },
    {   "prop":"status",
      "label":"返水状态",
      "sortable":true,
      "width":"150",
      "filters":[{ "text": "已返", "value": "send"}, { "text": "", "value": false}],
      "disabled":true
    },
    {   "prop":"revoked",
      "label":"是否冲销",
      "sortable":true,
      "width":"150",
      "filters":[{ "text": "是", "value": "1"}, { "text": "否", "value": "0"}],
      "disabled":true
    },
    {
      "label":"查看详情",
      "type":"button",
      "disabled":true,
       "width":"150",
      "btnGroup":[
                    {"btnType":"text","label":"详情","fn":"doDetail"}
                  ]
    }]
}
