{
    "columns":[
        {	"prop":"user_name",
            "label":"会员帐号",
            "disabled":true
        },
        {	"prop":"agent_name",
            "label":"上级代理",
            "disabled":true
        },
        {	"prop":"account",
            "label":"第三方帐号",
            "disabled":true
        },
        {	"prop":"date",
            "label":"投注时间",
            "disabled":true
        },
        {	"prop":"order_number",
            "label":"注单号",
            "disabled":true
        },
        {	"prop":"tableId",
            "label":"桌号",
            "disabled":true
        },
        {	"prop":"extra,ext",
            "label":"游戏ID（局号）",
            "type":"object",
            "disabled":true
        },
        {	"prop":"game_name",
            "label":"游戏名称",
            "disabled":true
        },
        {	"prop":"money",
            "label":"投注金额",
            "type":"divisionMoney",
            "disabled":true
        },
        {	"prop":"valid_money",
            "label":"有效投注",
             "type":"divisionMoney",
            "disabled":true
        },
       {	"prop":"win_loss",
            "label":"输赢",
             "type":"divisionMoney",
            "disabled":true
        }
    ]
}
