{
    "columns":[
        {	"prop":"id",
            "label":"ID"
        },
        {	"prop":"username",
            "label":"用户名",
            "sortable":true,
            "width":"100",
            "disabled":true,
            "type":"link",
            "fn":"openUserSet"
        },
        {	"prop":"out_name",
            "label":"转出钱包",
            "width":"100",
            "sortable":true,
            "disabled":true
        },
        {	"prop":"in_name",
            "label":"转入钱包",
            "width":"100",
            "sortable":true,
            "disabled":true
        },
        {	"prop":"amount",
            "label":"转帐金额",
            "width":"100",
            "sortable":true,
            "disabled":true,
            "type":"divisionMoney"
        },
        {	"prop":"op_name",
            "label":"操作人",
            "width":"100",
            "sortable":true,
            "disabled":true
        },
        {	"prop":"created",
            "label":"转帐时间",
            "width":"200",
            "sortable":true,
            "disabled":true
        },
        {	"prop":"no",
            "label":"交易订单号",
            "width":"200",
            "sortable":true,
            "disabled":true
        },
        {	"prop":"status",
            "label":"状态",
            "width":"100",
            "sortable":true,
            "filters":[{ "text": "成功", "value": "success"}, { "text": "失败", "value": "fail" }],
            "disabled":true
        },
        {	"prop":"memo",
            "label":"备注",
            "width":"400",
            "sortable":true,
            "disabled":true
        }
    ]
}
