{
    "columns":[
        {	"prop":"t_id",
            "label":"ID"
        },
        {	"prop":"t_default",
            "label":"t_default"
        },
        {	"prop":"t_name",
            "label":"标准模板名称",
            "width":"200",
            "disabled":true
        },
        {	"prop":"t_desc",
            "label":"模板描述",
            "width":"300",
            "disabled":true
        },
        {	"prop":"t_status",
            "label":"状态",
            "width":"200",
            "disabled":true,
            "filters":[{ "text": "启用", "value": "1"}, { "text": "停用", "value": "0" }],
            "disabled":true
        },
        {	"prop":"inserted_at",
            "label":"建立时间",
            "width":"300",
            "disabled":true
        },
        {	"prop":"updated_at",
            "label":"最后修改时间",
            "width":"300",
            "disabled":true
        },
        {	"prop":"member_number",
            "label":"会员数",
            "width":"100",
            "disabled":true,
            "type": "link",
            "fn":"setMember"
        },
        {	"prop":"level_number",
            "label":"层级数",
            "width":"100",
            "disabled":true,
            "type": "link",
            "fn":"setLevlLimit"
        },
        {	"label":"操作",
            "type":"button",
            "width":"230",
            "disabled":true,
            "btnGroup":[
                {"btnType":"text","label":"复制新增","fn":"doCopyAdd"},
                {"btnType":"text","label":"编辑","fn":"doEdit"},
                {"btnType":"text","label":"设置赔率","fn":"doSetOdds"},
                {"btnType":"text","label":"删除","fn":"doDelDate"},
                {"btnType":"text","label":"启用","fn":"doEnable","prop":"t_status","val":"0"},
                {"btnType":"text","label":"停用","fn":"doDisable","prop":"t_status","val":"1"}]
        }
    ]
}
