{
  "columns":[
    { "prop":"title",
      "label":"标签名称",
      "sortable":true,
      "width":"200",
      "disabled":true
    },
    { "prop":"content",
      "label":"描述",
      "width":"400",
      "sortable":true,
      "disabled":true
    },
    { "prop":"admin_name",
      "label":"建立人",
      "width":"100",
      "sortable":true,
      "disabled":true
    },
    {
      "prop":"inserted",
      "label":"建立时间",
      "width":"200",
      "sortable":true,
      "type":"date",
      "disabled":true
    },
    {
      "label":"操作",
      "type":"button",
      "width":"200",
      "disabled":true,
      "btnGroup":[{"btnType":"text","label":"编辑","fn":"doEdit"},
                  {"btnType":"text","label":"删除","fn":"doDelete"}]
    }]
}
