{
  "columns":[
    { "prop":"odds_type,result",
      "label":"玩法名称",
      "type":"connectLottery",
      "width":"120px",
      "disabled": true
    },
    { "prop":"odds",
      "label":"赔率",
      "width":"120px",
      "type":"number",
      "disabled": true
    },
    { "prop":"bet_num",
      "width":"120px",
      "label":"注单数",
     
      "disabled": true
    },
    { "prop":"pay_money",
      "width":"120px",
      "label":"金额",
   
      "type":"divisionMoney",
      "disabled": true
    }
  ]
}
