{
  "columns": [
    {
      "prop": "pay_name",
      "label": "支付平台",
      "class": "tCent",
      "disabled": true,
      "width":"120"
    },
    {
      "prop": "name",
      "label": "商户名称",
      "class": "tCent",
      "disabled": true,
      "width":"120"
    },
    {
      "prop": "parter",
      "label": "商户编号",
      "disabled": true,
      "class": "tCent",
      "width":"120"
    },
    {
      "prop": "pay_scene",
      "label": "支付场景",
      "type":"filterConnect",
      "delimiter":",",
      "width":"120",
      "class": "tCent",
      "filters":[{"text":"微信", "value":"wechat"},{"text":"支付宝","value":"alipay"},{"text":"快捷支付","value":"unionpay"},{"text":"QQ钱包","value":"qqpay"},{"text":"网银支付","value":"cyberbank"},{"text":"京东支付","value":"jdpay"},{"text":"百度支付","value":"baidupay"},{"text":"财付通","value":"tenpay"},{"text":"点卡支付","value":"kapay"},{"text":"云闪付","value":"quickpay"}],
      "disabled": true
    },
    {
      "prop": "money_day_used,day_deact",
      "label": "日累计金额/日停用金额",
      "width": "200",
      "class": "tCent",
      "delimiter":"/",
      "type":"connect,divisionMoney",
      "disabled": true
    },
    {
      "prop": "creator",
      "label": "建立人",
      "class": "tCent",
      "width":"120",
      "disabled": true
    },
    {
      "prop": "created",
      "label": "建立时间",
      "sort": true,
      "sortType": "date",
      "class": "tCent",
      "width": "200",
      "disabled": true
    },
    {
      "prop": "levels",
      "label": "层级",
      "class": "tCent",
      "width": "200",
      "disabled": true
    },
    {
      "prop": "terminal",
      "label": "终端设备",
      "class": "tCent",
      "width": "200",
      "disabled": true
    },
    {
      "prop": "sort",
      "label": "排序",
      "class": "tCent",
      "width":"50",
       "sortRemarks": "前台实际展示时数字大的排在前面",
      "disabled": true
    },
    {
      "prop": "status",
      "label": "状态",
      "class": "tCent",
      "width":"120",
      "disabled": true,
      "filters":[{"text":"启用","value": "1"},{"text":"停用","value": "0"}]
    },
    {
      "label": "操作",
      "type": "button",
      "disabled": true,
      "width":"180",
      "class": "tCent",
      "btnGroup": [
        {
          "btnType": "text",
          "label": "停用",
          "fn": "doDisable",
          "prop": "status",
          "val": "enabled"
        },
        {
          "btnType": "text",
          "label": "启用",
          "fn": "doEnable",
          "prop": "status",
          "val": "disabled"
        },
        {
          "btnType": "text",
          "label": "存款状况",
          "fn": "doDepositStatus"
        },
        {
          "btnType": "text",
          "label": "修改",
          "fn": "doEdit"
        },
        {
          "btnType": "text",
          "label": "删除",
          "fn": "doDelete"
        }
      ]
    }
  ]
}
