{
    "columns":[
       {	"prop":"name",
            "label":"文案名称",
            "width": "200",
            "disabled":true
        },
        {	"prop":"language_name",
            "label":"语言",
            "width": "100",
            "disabled":true
        },
        {	"prop":"approve_status",
            "label":"审核状态",
            "filters":[{ "text": "审核中", "value": "applying"}, { "text": "未申请", "value": "pending" }, {"text":"拒绝", "value":"rejected"}, {"text":"通过", "value": "pass"}],
            "width": "100",
            "disabled":true
        },

        {	"prop":"created",
            "label":"生成时间",
            "width": "200",
            "disabled":true
        },
        {   "prop":"status",
            "label":"状态",
            "filters":[{ "text": "启用", "value": "enabled"}, { "text": "停用", "value": "disabled" }, { "text": "删除", "value": "deleted" }],
            "width": "100",
            "disabled":true
        },
        {   "prop":"sort",
            "label":"排序",
            "width": "100",
            "disabled":true,
            "sortRemarks": "前台实际展示时数字大的排在前面"
        },
        {	"label":"操作",
            "type":"button",
            "width":"210",
            "disabled":true,
            "btnGroup":[
                {"btnType":"text","label":"申请","fn":"doApply" ,"prop": "approve_status" ,"val": "pending"},
                {"btnType":"text","label":"编辑","fn":"doEdit", "prop": "approve_status" ,"val": "pending" },
                {"btnType":"text","label":"启用","fn":"doEnable" ,"propOne":"status","valOne":"disabled","propTwo":"approve_status","valTwo":"pass"},
                {"btnType":"text","label":"停用","fn":"doDisable" ,"propOne":"status","valOne":"enabled","propTwo":"approve_status","valTwo":"pass"},
                {"btnType":"text","label":"查看","fn":"doDetail"},
                 {"btnType":"text","label":"删除","fn":"doDelete"}
            ]
        }
    ]
}
