{
  "columns":[
    { "prop":"user_name",
      "label":"会员账号",
      "sortable":true,
      "width":"150",
      "disabled":true
    },
    { "prop":"revoked",
      "label":"返水状态",
      "sortable":true,
      "width":"100",
      "filters":[{ "text": "已返", "value": "0"}, { "text": "冲销", "value": "1"}],
      "disabled":true
    },
    { "prop":"agent_name",
      "label":"代理商",
      "sortable":true,
      "width":"200",
      "disabled":true
    },
    { "prop":"valid_bet,coupon",
      "type":"twoLine",
      "btnGroup":[
        {"btnType":"text","label":"上：有效总投注","fn":"sortByTZ"},
        {"btnType":"text","label":"下：优惠小计","fn":"sortByXJ"}
      ],
      "click":true,
      "sortable":true,
       "width":"200",
      "disabled":true
    }
  ]
}
