{
    "state": 0,
    "message": "OK",
    "type": "rows",
    "attributes": {
        "number": 1,
        "size": 10,
        "total": 40056,
        "totalValidBet": {
            "PT": 47633795,
            "MG": 0,
            "BBIN": 0,
            "AG": 0,
            "MW": 0,
            "OG": 0,
            "CT": 0,
            "BG": 0,
            "GC": 0,
            "DG": 0,
            "LEBO": 61466140,
            "HB": 0,
            "AB": 0,
            "彩票": 1038889600
        },
        "subTotalValidBet": {
            "PT": 0,
            "MG": 0,
            "BBIN": 0,
            "AG": 0,
            "MW": 0,
            "OG": 0,
            "CT": 0,
            "BG": 0,
            "GC": 0,
            "DG": 0,
            "LEBO": 0,
            "HB": 0,
            "AB": 0,
            "彩票": 374000
        }
    },
    "data": [
        {
            "user_id": "1",
            "date": "2017-01-01",
            "user_name": "abc",
            "total": "33000|1000",
            "PT": "0|1",
            "MG": "0|2",
            "BBIN": "0|3",
            "AG": "0|4",
            "MW": "0|5",
            "OG": "0|6",
            "CT": "0|7",
            "BG": "0|8",
            "GC": "0|9",
            "DG": "0|2",
            "LEBO": "0|3",
            "HB": "0|4",
            "AB": "0|5",
            "彩票": "33000|100"
        },
        {
            "user_id": "2",
            "date": "2017-01-01",
            "user_name": "abc",
            "total": "40000|100",
            "PT": "10|5",
            "MG": "11|20",
            "BBIN": "10|33",
            "AG": "10|24",
            "MW": "90|115",
            "OG": "660|655",
            "CT": "0|7",
            "BG": "0|8",
            "GC": "0|9",
            "DG": "0|2",
            "LEBO": "0|3",
            "HB": "0|4",
            "AB": "0|5",
            "彩票": "33000|100"
        },
        {
            "user_id": "3",
            "date": "2017-01-01",
            "user_name": "abc",
            "total": "42000|200",
            "PT": "0|1",
            "MG": "0|2",
            "BBIN": "0|3",
            "AG": "0|4",
            "MW": "0|5",
            "OG": "0|6",
            "CT": "0|7",
            "BG": "0|8",
            "GC": "0|9",
            "DG": "0|2",
            "LEBO": "0|3",
            "HB": "0|4",
            "AB": "0|5",
            "彩票": "33000|100"
        },
        {
            "user_id": "4",
            "date": "2017-01-01",
            "user_name": "abc",
            "total": "42000|1009",
            "PT": "0|1",
            "MG": "0|2",
            "BBIN": "0|3",
            "AG": "0|4",
            "MW": "0|5",
            "OG": "0|6",
            "CT": "0|7",
            "BG": "0|8",
            "GC": "0|9",
            "DG": "0|2",
            "LEBO": "0|3",
            "HB": "0|4",
            "AB": "0|5",
            "彩票": "33000|100"
        },
        {
            "user_id": "5",
            "date": "2017-01-01",
            "user_name": "abc",
            "total": "31000|111",
            "PT": "0|1",
            "MG": "0|2",
            "BBIN": "0|3",
            "AG": "0|4",
            "MW": "0|5",
            "OG": "0|6",
            "CT": "0|7",
            "BG": "0|8",
            "GC": "0|9",
            "DG": "0|2",
            "LEBO": "0|3",
            "HB": "0|4",
            "AB": "0|5",
            "彩票": "33000|100"
        },
        {
            "user_id": "6",
            "date": "2017-01-01",
            "user_name": "abc",
            "total": "41000|2222",
            "PT": "0|1",
            "MG": "0|2",
            "BBIN": "0|3",
            "AG": "0|4",
            "MW": "0|5",
            "OG": "0|6",
            "CT": "0|7",
            "BG": "0|8",
            "GC": "0|9",
            "DG": "0|2",
            "LEBO": "0|3",
            "HB": "0|4",
            "AB": "0|5",
            "彩票": "33000|100"
        },
        {
            "user_id": "7",
            "date": "2017-01-01",
            "user_name": "abc",
            "total": "33000|222",
            "PT": "0|1",
            "MG": "0|2",
            "BBIN": "0|3",
            "AG": "0|4",
            "MW": "0|5",
            "OG": "0|6",
            "CT": "0|7",
            "BG": "0|8",
            "GC": "0|9",
            "DG": "0|2",
            "LEBO": "0|3",
            "HB": "0|4",
            "AB": "0|5",
            "彩票": "33000|100"
        },
        {
            "user_id": "8",
            "date": "2017-01-01",
            "user_name": "abc",
            "total": "43000|3333",
            "PT": "0|1",
            "MG": "0|2",
            "BBIN": "0|3",
            "AG": "0|4",
            "MW": "0|5",
            "OG": "0|6",
            "CT": "0|7",
            "BG": "0|8",
            "GC": "0|9",
            "DG": "0|2",
            "LEBO": "0|3",
            "HB": "0|4",
            "AB": "0|5",
            "彩票": "33000|100"
        },
        {
            "user_id": "9",
            "date": "2017-01-01",
            "user_name": "abc",
            "total": "34000|222",
            "PT": "0|1",
            "MG": "0|2",
            "BBIN": "0|3",
            "AG": "0|4",
            "MW": "0|5",
            "OG": "0|6",
            "CT": "0|7",
            "BG": "0|8",
            "GC": "0|9",
            "DG": "0|2",
            "LEBO": "0|3",
            "HB": "0|4",
            "AB": "0|5",
            "彩票": "33000|100"
        },
        {
            "user_id": "10",
            "date": "2017-01-01",
            "user_name": "abc",
            "total": "35000|444",
            "PT": "0|1",
            "MG": "0|2",
            "BBIN": "0|3",
            "AG": "0|4",
            "MW": "0|5",
            "OG": "0|6",
            "CT": "0|7",
            "BG": "0|8",
            "GC": "0|9",
            "DG": "0|2",
            "LEBO": "0|3",
            "HB": "0|4",
            "AB": "0|5",
            "彩票": "33000|100"
        }
    ]
}