{
  "columns": [
    {
      "prop": "user_name",
      "label": "会员帐号",
      "disabled": true,
      "width": "100"
    },
    {
      "prop": "trade_no",
      "label": "交易订单号",
      "width": "200",
      "disabled": true
    },
    {
      "prop": "vender_name",
      "label": "商户名称",
      "disabled": true,
      "width": "100"
    },
    {
      "prop": "pay_scene",
      "label": "支付场景",
      "width": "200",
      "disabled": true,
      "filters": [
        {
          "text": "支付宝",
          "value": "alipay"
        },
        {
          "text": "微信支付",
          "value": "wechat"
        },
        {
          "text": "QQ钱包",
          "value": "qqpay"
        },
        {
          "text": "网银支付",
          "value": "cyberbank"
        },
        {
          "text": "京东支付",
          "value": "jdpay"
        },
        {
          "text": "快捷支付",
          "value": "unionpay"
        },{
          "text": "百度支付",
          "value": "baidupay"
        },
        {
          "text": "财付通",
          "value": "tenpay"
        },
        {
          "text": "点卡支付",
          "value": "kapay"
        },
        {
          "text": "云闪付",
          "value": "quickpay"
        }
      ]
    },
    {
      "prop": "ranting",
      "label": "层级",
      "width": "80",
      "disabled": true
    },
    {
      "prop": "agent_name",
      "label": "上级代理",
      "width": "100",
      "disabled": true
    },
    {
      "prop": "money",
      "label": "存入金额",
      "width": "100",
      "disabled": true,
      "type": "divisionMoney"
    },
    {
      "prop": "coupon_money",
      "label": "优惠金额",
      "disabled": true,
      "width": "100",
      "type": "divisionMoney"
    },
    {
      "prop": "aggregate_amount",
      "label": "总金额",
      "width":"100",
      "disabled": true,
      "type":"divisionMoney"
    },
    {
      "prop": "state",
      "label": "是否首存",
      "disabled": true,
      "width": "100",
      "type": "allState",
      "formatkey": "new",
      "truelabel": "是",
      "falselabel": "否"
    },
    {
      "prop": "created,process_time",
      "label": "提交时间、确认时间",
      "width": "170",
      "disabled": true,
      "type":"connectDate"
    },
    {
      "prop": "pay_no",
      "label": "外部订单号",
      "width": "200",
      "disabled": true
    },
    {
      "prop": "status",
      "label": "状态",
      "width": "100",
      "disabled": true,
      "filters": [
        {
          "text": "已支付",
          "value": "paid"
        },
        {
          "text": "待支付",
          "value": "pending"
        },
        {
          "text": "支付失败",
          "value": "failed"
        }
      ]
    },
    {
      "prop": "process_uname",
      "label": "操作者",
      "width": "100",
      "disabled": true
    },
    {
      "label": "操作",
      "type": "button",
      "width": "100",
      "disabled": true,
      "btnGroup": [
        {
          "btnType": "text",
          "label": "补单",
          "fn": "doSupplement",
          "prop": "status",
          "val": "pending"
        
        }
      ]
    }
  ]
}