{
    "columns": [
        {
            "prop": "id",
            "label": "ID"
        },
        {
            "prop": "user_name",
            "label": "玩家帐号",
            "width": "200",
            "disabled": true
        },
        {
            "prop": "order_number",
            "label": "注单号",
            "width": "200",
            "disabled": true
        },
        {
            "prop": "created",
            "label": "投注时间",
            "width": "200",
            "disabled":true
        },
        {
            "prop": "type",
            "label": "类型",
            "width": "200",
            "filters":[{"value":"standard","text":"官方玩法"},
                {"value":"fast","text":"快速玩法"}],
            "disabled": true
        },
        {
            "prop": "result,tag_name",
            "label": "玩法名称",
            "class": "tCent",
            "delimiter":"-",
            "width":"280",
            "type":"connect",
            "disabled":true
        },
        {
            "prop": "play_number",
            "label": "下注号码",
            "width": "200",
            "disabled": true
        },{
            "prop": "odds",
            "label": "赔率",
            "width": "200",
            "disabled": true
        },{
            "prop": "pay_money",
            "label": "投注金额",
            "width": "200",
            "type":"divisionMoney",
            "disabled": true
        }
    ]
}
