{
  "columns":[
    { "prop":"game_name",
      "label":"游戏",
      "width": "100",
      "sortable":true,
      "disabled":true
    },
    { "prop":"user_name",
      "label":"用户名",
      "width": "100",
      "sortable":true,
      "disabled":true
    },
    { "prop":"agent_name",
      "label":"上级代理",
      "width":"100",
      "disabled":true
    },
    { "prop":"account",
      "label":"第三方游戏账号",
      "width": "100",
      "class":"tCent",
      "sortable":true,
      "disabled":true
    },
    { "prop":"order_number",
      "label":"订单号",
      "disabled":true,
      "width": "120"
    },
    { "prop":"time",
      "label":"交易时间",
      "disabled":true,
      "width": "100"
    },
    {
      "prop":"activity_type",
      "label":"小费名称",
      "width": "150",
      "sortable":true,
      "disabled":true
    },
    {
      "prop":"money",
      "label":"金额",
      "width": "100",
      "type":"divisionMoney",
      "sortable":true,
      "disabled":true
    }
    ]
}
