{
  "columns": [
    {
      "prop": "user_name",
      "label": "用户名",
      "disabled": true,
      "width":"100",
      "disabled":true
    },
    {
      "prop": "trade_no",
      "label": "交易订单号",
      "width":"180",
      "disabled": true
    },
    {
      "prop": "ranting_name",
      "label": "会员等级",
        "width":"100",
      "disabled": true
    },
    {
      "prop": "agent_name",
      "label": "上级代理",
        "width":"100",
      "disabled": true
    },
    {
      "prop": "deposit_type",
      "label": "存款方式",
        "width":"150",
      "filters": [
        {
          "text": "银行柜台",
          "value": "1"
        },
        {
          "text": "ATM现金入款",
          "value": "2"
        },
        {
          "text": "ATM自动柜员机",
          "value": "3"
        },
        {
          "text": "手机转账",
          "value": "4"
        },
        {
          "text": "支付宝转账",
          "value": "5"
        },
        {
          "text": "财付通",
          "value": "6"
        },
        {
          "text": "微信支付",
          "value": "7"
        },
        {
          "text": "手动存款",
          "value": "8"
        },
        {
          "text": "网银转账",
          "value": "9"
        },
        {
          "text": "云闪付",
          "value": "10"
        },
        {
          "text": "QQ转账",
          "value": "11"
        }
      ],
      "width":"100",
      "disabled": true
    },
    {
      "prop": "receive_bank_info,accountname,receive_bank,card,bank,name",
      "label": "存入银行账号",
      "disabled": true,
      "width":"200",
      "type":"object,prop",
      "formatKey":"bank"
    },
    {
      "prop": "pay_bank_info,name,null,bank",
      "label": "会员银行账号",
      "disabled": true,
      "width":"200",
      "type":"object",
      "formatKey":"bank"
    },
    {
      "prop": "money",
      "label": "存入金额",
      "disabled": true,
        "width":"100",
      "type":"divisionMoney"
    },
    {
      "prop": "coupon_money",
      "label": "优惠金额",
        "width":"100",
      "disabled": true,
      "type":"divisionMoney"
    },
    {
      "prop": "aggregate_amount",
      "label": "总金额",
      "width":"100",
      "disabled": true,
      "type":"divisionMoney"
    },
    {
      "prop": "state",
      "label": "是否首存",
      "width":"100",
      "type":"regular",
      "disabled": true,
      "filters": [
        {
          "text": "是",
          "value": "new"
        },
        {
          "text": "否",
          "value": ""
        }
        ]
    },
    {
      "prop": "created,process_time",
      "label": "提交时间、确认时间",
      "width": "170",
      "disabled": true,
      "type":"connectDate"
    },
    {
      "prop": "process_uname",
      "label": "操作者",
      "width":"80",
      "disabled": true
    },
    {

      "prop": "status",
      "label": "状态",
      "width": "80",
      "filters": [
        {
          "text": "已存入",
          "value": "paid"
        },
        {
          "text": "未处理",
          "value": "pending"
        },
        {
          "text": "已取消",
          "value": "canceled"
        }
      ],
      "disabled": true
    },
    {
      "label": "操作",
      "type": "button",
      "width":"100",
      "disabled": true,
      "btnGroup": [
        {
          "btnType": "text",
          "label": "确定",
          "fn": "doPass",
          "prop":"status",
          "val":"pending"
        },
        {
          "btnType": "text",
          "label": "取消",
          "fn": "doRefuse",
          "prop":"status",
          "val":"pending"
        },
        {
          "btnType": "text",
          "label": "详情",
          "fn": "doDetail"
        }

      ]
    },
    {
      "prop": "memo",
      "label": "备注",
      "width":"80",
      "disabled": true
    }
  ]
}
