{
    "columns":[
        {	"prop":"name",
            "label":"图片名称",
            "width":"200",
            "sortable":true,
            "disabled":true
        },

        {	"prop":"language_name",
            "label":"语言",
            "sortable":true,
              "width":"100",
            "disabled":true
        },
        {	"prop":"picture",
            "label":"缩略图",
            "type":"img",
            "sortable":true,
              "width":"150",
            "disabled":true
        },
        {	"prop":"position",
            "label":"位置",
            "filters":[{ "text": "左中", "value": "left-middle"}, { "text": "右中", "value": "right-middle" }, { "text": "左下", "value": "left-bottom" }, { "text": "右下", "value": "right-bottom" }],
            "sortable":true,
              "width":"100",
            "disabled":true
        },
        {	"prop":"approve",
            "label":"审核状态",
            "filters":[{ "text": "未申请", "value": "pending"}, { "text": "待审核", "value": "applying" }, { "text": "已通过", "value": "pass" }, { "text": "已拒绝", "value": "rejected" }],
            "sortable":true,
              "width":"100",
            "disabled":true
        },
         {  "prop":"sort",
            "label":"排序",
            "sortRemarks": "前台实际展示时数字大的排在前面",
            "width":"150",
            "disabled":true
        },
        {	"prop":"status",
            "label":"使用状态",
            "filters":[{ "text": "启用", "value": "enabled"}, { "text": "停用", "value": "disabled" }],
            "sortable":true,
             "width":"100",
            "disabled":true
        },
        {	"label":"操作",
            "type":"button",
            "width":"210px",
            "disabled":true,
             "width":"150",
            "btnGroup":[
                {"btnType":"text","label":"申请","fn":"doApply" ,"prop":"approve","val":"pending"},
                {"btnType":"text","label":"编辑","fn":"doEdit", "prop":"approve","val":"pending"},
                {"btnType":"text","label":"启用","fn":"doEnable" ,"propOne":"status","valOne":"disabled","propTwo":"approve","valTwo":"pass"},
                {"btnType":"text","label":"停用","fn":"doDisable" ,"propOne":"status","valOne":"enabled","propTwo":"approve","valTwo":"pass"},
                {"btnType":"text","label":"删除","fn":"doDelete"}
            ]
        }
    ]
}
