{
  "columns": [
    {
      "prop": "id",
      "label": "记录编号",
      "width":"100",
      "disabled":true
    },
    {
      "prop": "name",
      "label": "用户",
      "type":"link",
       "width":"100",
      "fn":"openUserDetail",
      "disabled":true
    },
    {
      "prop": "domain",
      "width":"150",
      "label": "域名",
      "disabled":true
    },
    {
      "prop": "log_type",
      "label": "操作类型",
       "width":"50",
      "disabled":true
    },
    {
      "prop": "status",
      "label": "结果",
      "disabled":true,
       "width":"50",
      "filters":[{ "text": "成功", "value": "1"}, { "text": "失败", "value": "0" }]
    },
    {
      "prop": "created",
      "label": "操作时间",
       "width":"150",
      "disabled":true
    },
    {
      "prop": "log_ip",
       "width":"150",
      "label": "操作IP",
      "disabled":true
    },
    {
      "prop": "log_value",
      "label": "操作详情信息",
       "width":"150",
      "disabled":true
    }
  ]
}
