{
  "columns": [
    {
      "prop": "id",
      "label": "会员id",
      "disabled": false
    },
    {
      "prop": "name",
      "label": "会员账号",
      "width": "100",
      "disabled": true
    },
    {
      "prop": "agent",
      "label": "所属代理",
      "width": "100",
      "disabled": true
    },
    {
      "prop": "created",
      "label": "会员加入时间",
      "width": "170",
      "disabled": true
    },
    {
      "prop": "last_login",
      "label": "最后登录时间",
      "width": "170",
      "disabled": true
    },
    {
      "label": "存款时间",
      "width": "180",
      "type": "date",
      "disabled": true,
      "delimiter": " - ",
      "prop": "deposit_stime,deposit_etime",
      "type": "contentDate"
    },
    {
      "prop": "between_money",
      "label": "区间存款总额",
      "width": "180",
      "type":"divisionMoney",
      "disabled": true
    },
    {
      "prop": "deposit_total",
      "label": "存款次数",
      "sort": true,
      "width": "100",
      "disabled": true
    },
    {
      "prop": "deposit_money",
      "label": "存款总额",
      "sort": true,
      "width": "100",
      "type": "divisionMoney",
      "disabled": true
    },
    {
      "prop": "deposit_max",
      "label": "最大存款总额",
      "type": "divisionMoney",
      "sort": true,
      "width": "130",
      "disabled": true
    },
    {
      "prop": "withdraw_total",
      "label": "提现次数",
      "sort": true,
      "width": "100",
      "disabled": true
    },
    {
      "prop": "withdraw_money",
      "label": "提现总额",
      "type": "divisionMoney",
      "width": "120",
      "disabled": true
    },
    {
      "prop": "lid",
      "label": "分层",
      "width": "150",
      "type": "list",
      "disabled": true
    },
    {
      "prop": "lock",
      "label": "锁定",
      "width": "80",
      "checkbox": true,
      "disabled": true,
      "type": "switch"
    }
  ]
}
