{
  "columns": [
    {
      "prop": "user_name",
      "label": "用户名",
      "sortable": true,
      "disabled": true
    },
    {
      "prop": "type",
      "label": "用户类型",
      "filters":[{ "text": "用户", "value": "user"}, { "text": "代理", "value": "agent" }],
      "disabled": true
    },
    {
      "prop": "game_name",
      "label": "游戏",
      "sortable": true,
      "disabled": true
    },
    {
      "prop": "times",
      "label": "总笔数",
      "sortable": true,
      "disabled": true,
      "type":"link",
      "fn":"openUser"
    },
    {
      "prop": "money",
      "label": "总金额",
      "sortable": true,
      "disabled": true,
      "type":"linkDivisionMoney",
      "fn":"openUser"
    }
  ]
}
