{
  "columns": [
    {
      "prop":"name",
      "label":"用户名",
      "disabled":true,
      "type":"link",
      "fn":"openUserSet",
      "width": "100"
    },
    {
      "prop": "agnet",
      "label": "上级代理",
      "width": "200",
      "disabled": true
    },
    
    {
      "prop": "total",
      "label": "总余额",
      "width": "200",
      "disabled": true,
      "type":"divisionMoney"
    },
    {
      "prop": "last_login",
      "label": "最后登录时间",
      "width": "200",
      "sort": true,
      "sortType": "date",
      "disabled": true
    }
  ]
}
