{
  "columns":[
    { "prop":"id",
      "label":"ID"
    },
    { "prop":"card",
      "label":"银行帐号",
      "sortable":true,
      "disabled":true,
      "width":200
    },
    { "prop":"bank_name",
      "label":"银行名称",
      "sortable":true,
      "disabled":true,
       "width":150
    },
    { "prop":"address",
      "label":"开户支行",
      "sortable":true,
      "disabled":true,
       "width":100
    },
    { "prop":"accountname",
      "label":"户名",
      "sortable":true,
      "disabled":true,
       "width":100
    },{
      "prop":"state",
      "label":"状态",
      "filters":[{ "text": "启用", "value": "enabled"}, { "text": "停用", "value": "disabled"}, { "text": "删除", "value": "deleted"}],
      "sortable":true,
      "disabled":true,
       "width":70
    },
    { "prop":"created_time",
      "label":"建立时间",
      "disabled":true,
      "disabled":true,
       "width":100
    },
    { "prop":"updated_time",
      "label":"最后修改时间",
      "sortable":true,
      "type":"date",
      "disabled":true,
       "width":100
    },
    {
      "label":"操作",
      "type":"button",
      "width":210,
      "disabled":true,
      "btnGroup":[
        {"btnType":"text","label":"修改","fn":"doEdit","equal":false,"prop":"state","val":"deleted","valNum":1},
        {"btnType":"text","label":"停用","fn":"doDisable","prop":"state","val":"enabled"},
        {"btnType":"text","label":"启用","fn":"doEnable","prop":"state","val":"disabled"}
      ]
    }
    ]
}
