{
  "columns": [
    {
      "prop": "user_name",
      "label": "用户名",
      "disabled": true,
      "type": "link",
      "width": "100",
      "fn": "openMember"
    },
    {
      "prop": "agent",
      "label": "上级代理",
      "disabled": true,
      "type": "link",
      "width": "100",
      "fn": "openAgent"
    },
    {
      "prop": "account",
      "label": "第三方游戏帐号",
      "width": "100",
      "disabled": true
    },
  
    {
      "prop": "date",
      "label": "下注时间",
      "width": "180",
      "disabled": true
    },
    {
      "prop": "order_number",
      "label": "注单号",
      "width": "100",
      "disabled": true
    },
    {
      "prop": "type_child",
      "label": "游戏类型",
      "width": "100",
      "disabled": true
    },{
      "prop": "game_name",
      "label": "游戏名称",
      "width": "100",
      "disabled": true
    },

    {
      "prop": "money",
      "label": "下注金额",
      "type": "divisionMoney",
      "width": "100",
      "disabled": true
    },
    
    {
      "prop": "valid_money",
      "label": "有效投注",
      "width": "100",
      "type": "divisionMoney",
      "disabled": true
    },
     {
      "prop": "prize",
      "label": "中奖",
      "type": "divisionMoney",
      "width": "100",
      "disabled": true
    },
    {
      "prop": "win_loss",
      "width": "100",
      "type": "divisionMoney",
      "label": "输赢",
      "disabled": true
    }
  ]
}