{
  "columns": [
    {
      "prop": "user_name",
      "label": "用户名",
      "disabled": true,
      "type": "link",
      "width": "100",
      "fn": "openMember"
    },
    {
      "prop": "agent",
      "label": "上级代理",
      "disabled": true,
      "type": "link",
      "width": "100",
      "fn": "openAgent"
    },
    {
      "prop": "account",
      "label": "第三方游戏帐号",
      "width": "150",
      "disabled": true
    },
    {
      "prop": "date",
      "label": "下注时间",
      "width": "150",
      "disabled": true
    },
    {
      "prop": "order_number",
      "label": "注单号",
      "width": "150",
      "disabled": true
    },
    {
      "prop": "origin",
      "label": "下注来源",
      "filters": [
        {
          "text": "H5",
          "value": 2
        },
        {
          "text": "PC",
          "value": 1
        },
        {
          "text": "移动端",
          "value": 2
        }
      ],
      "width": "100",
      "disabled": true
    },
    {
      "prop": "type_child",
      "label": "游戏类型",
      "width": "100",
      "disabled": true
    },
    {
      "prop": "game_name",
      "label": "游戏名称",
      "width": "100",
      "disabled": true
    },
    {
      "prop": "money",
      "label": "下注金额",
      "type": "divisionMoney",
      "width": "100",
      "disabled": true
    },
    {
      "prop": "prize",
      "label": "中奖金额",
      "type": "divisionMoney",
      "width": "100",
      "disabled": true
    },
    {
      "prop": "jp_contri",
      "label": "JP贡献",
      "type": "divisionMoney,fours",
      "width": "100",
      "disabled": true
    },
    {
      "prop": "jackpot_bonus",
      "label": "JP彩金",
      "type": "divisionMoney,fours",
      "width": "100",
      "disabled": true
    },
    {
      "prop": "dollar_ball_bets",
      "label": "美元球下注",
      "type": "divisionMoney,fours",
      "width": "100",
      "disabled": true
    },
    {
      "prop": "prize_us",
      "label": "美元球奖金",
      "type": "divisionMoney,fours",
      "width": "100",
      "disabled": true
    },
    {
      "prop": "contri_us",
      "label": "美元球贡献",
      "type": "divisionMoney,fours",
      "width": "100",
      "disabled": true
    },
    {
      "prop": "db_jp",
      "label": "美元球JP彩金",
      "type": "divisionMoney,fours",
      "width": "100",
      "disabled": true
    },
    {
      "prop": "valid_money",
      "label": "有效投注",
      "type": "divisionMoney",
      "width": "100",
      "disabled": true
    },
    {
      "prop": "win_loss",
      "width": "100",
      "type": "divisionMoney",
      "label": "输赢",
      "disabled": true
    }
  ]
}