{
    "columns":[
        {   "prop":"rebet_date",
            "label":"返水日期",
            "width":"150",
            "sortable":true,
            "disabled":true
        },
        {   "prop":"user_name",
            "label":"用户名",
              "width":"150",
            "type":"link",
            "fn":"openUserSet",
            "disabled":true
        },
        {   "prop":"ranting",
            "label":"会员等级",
              "width":"150",
            "disabled":true
        },
        {   "prop":"rebet_name",
            "label":"返水活动名称",
            "sortable":true,
              "width":"150",
            "disabled":true
        },
        {   "prop":"today_valid_bet",
            "label":"有效投注金额",
            "sortable":true,
              "width":"150",
            "type":"linkDivisionMoney",
            "fn":"showRebate",
            "disabled":true
            
        },
        {   "prop":"rebet_money",
            "label":"返水金额",
            "sortable":true,
              "width":"150",
            "disabled":true,
             "type":"divisionMoney"
        },
        {   "prop":"send",
            "label":"状态",
            "sortable":true,
              "width":"150",
            "filters":[{ "text": "已发放", "value": true}, { "text": "未发放", "value": false}],
            "disabled":true
        },
        {
            "prop":"stats_date",
            "label":"统计时间",
            "sortable":true,
              "width":"200",
            "disabled":true
        },
        {   "prop":"send_date",
            "label":"发放时间",
            "sortable":true,
              "width":"200",
            "disabled":true
        },
        {   "prop":"money",
            "label":"发放金额",
            "sortable":true,
            "disabled":true,
              "width":"100",
             "type":"divisionMoney"
        },
        {   "prop":"withdraw_require",
            "label":"取款条件",
            "sortable":true,
            "disabled":true,
              "width":"100",
             "type":"divisionMoney"
        },
        {   "prop":"issue_type",
            "label":"发放类型",
            "width":"100",
            "filters":[{ "text": "正常", "value": "1"}, { "text": "漏单", "value": "0"}],
            "disabled":true
        },
        {
            "label":"操作",
            "type":"button",
            "width":"180",
            "disabled":true,
            "btnGroup":[{"btnType":"text","label":"取消","fn":"doCancel","prop":"send","val": false}]
        }
    ]
}
