{
  "columns":[
    { "prop":"parentAgent",
      "label":"日期",
      "sortable":true
    },
    { "prop":"username",
      "label":"用户名",
      "sortable":true
    },
    { "prop":"彩票",
      "label":"帐户总金额",
      "type":"divisionMoney",
      "sortable":true
    },
    {
      "prop":"lastshijian",
      "label":"沙巴体育",
      "type":"divisionMoney",
      "sortable":true
    },
    {
      "prop":"jianlishijian",
      "label":"PT",
      "type":"divisionMoney",
      "sortable":true
    },
    {
      "prop":"loginNum",
      "label":"LEBO",
      "type":"divisionMoney",
      "sortable":true
    },
    {
      "prop":"lastIP",
      "label":"MG",
      "type":"divisionMoney",
      "sortable":true
    },
    {
      "prop":"state",
      "label":"CT",
      "type":"divisionMoney",
      "sortable":true
    },
     {
      "prop":"state",
      "label":"小计",
      "sortable":true
    }
    ]
}
