{
    "columns":[
        {	"prop":"id",
            "label":"ID",
            "disabled":false
        },
        {	"prop":"user_name",
            "label":"用户名",
            "width":"100",
            "disabled":true,
            "type":"link",
            "fn":"openMember"
        },
        {	"prop":"chase_number",
            "width":"200",
            "label":"追号编号",
            "disabled":true
        },
        {	"prop":"origin",
            "label":"来源",
            "width":"100",
            "disabled":true,
            "filters":[{ "text": "pc", "value": "1"}, { "text": "h5", "value": "2" }, { "text": "移动端", "value": "3" }]
        },
        {	"prop":"created_time",
            "label":"建立时间",
            "width":"200",
            "disabled":true
        },
        {	"prop":"name",
            "width":"100",
            "label":"彩种",
            "disabled":true
        },
        {	"prop":"play_type1_name",
            "label":"玩法",
            "width":"100",
            "disabled":true
        },
        {	"prop":"content",
            "label":"内容",
            "width":"150",
            "sortable":true,
            "disabled":true
        },
        {	"prop":"current_bet",
            "label":"追号金额",
            "width":"100",
            "sortable":true,
            "disabled":true,
            "type": "divisionMoney"
        },
        {	"prop":"chase_type",
            "label":"追号类型",
            "width":"100",
            "sortable":true,
            "disabled":true
        },
        {	"prop":"chase_amount",
            "label":"追期数",
            "width":"100",
            "sortable":true,
            "disabled":true
        },
        {	"prop":"finish",
            "label":"已完成数",
            "width":"100",
            "sortable":true,
            "disabled":true
        },
        {	"prop":"lose_earn",
            "label":"输赢",
            "width":"100",
            "sortable":true,
            "disabled":true,
            "type": "divisionMoney"
        },
        {	"prop":"state",
            "label":"状态",
            "width":"100",
            "filters":[{ "text": "进行中", "value": "underway"}, { "text": "已结束", "value": "open" }, { "text": "已取消", "value": "cancel" }],
            "disabled":true
        },
        {
            "label":"操作",
            "type":"button",
            "width":"200",
            "disabled":true,
            "btnGroup":[
                {"btnType":"text","label":"停止追号","fn":"doStop","prop":"state","val":"underway"},
                {"btnType":"text","label":"详情","fn":"doDet"}
            ]
        }
    ]
}
