{
    "columns":[
        {	"prop":"user_name",
            "label":"用户名",
            "disabled":true,
            "type":"link",
            "width":"100",
            "fn":"openMember"
        },
        {  "prop":"lottery_number",
            "label":"期号",
            "width":"150",
            "sortable":true,
            "disabled":true
        },
        
        {	"prop":"created",
            "label":"投注时间",
            "width":"170",
            "disabled":true
        },
        {	"prop":"order_number",
            "label":"注单号",
            "width":"200",
            "disabled":true
        },
        {	"prop":"origin",
            "label":"来源",
            "width":"90",
            "filters":[{ "text": "pc", "value": "1"}, { "text": "h5", "value": "2" }, { "text": "移动端", "value": "3" }],
            "disabled":true
        },
       {   "prop":"name,type",
            "label":"彩票名称",
            "width":"100",
             "type": "connect_odds_type",
            "disabled":true
        },
        {	"prop":"odds_type",
            "label":"玩法",
            "sortable":true,
            "width":"100",
            "disabled":true
        },

        {	"prop":"play_number,period_code",
            "width":"150",
            "type":"lottory_play",
            "label":"投注内容",
            "sortable":true,
            "disabled":true
        },
        { "prop":"odds",
          "label":"赔率",
          "disabled":true,
          "class":"tCent",
          "type":"array",
          "filterType":"array",
          "width":100,
          "separators":"|"
        },
        {	"prop":"pay_money",
            "label":"投注金额",
            "sortable":true,
            "width":"150",
            "type":"divisionMoney",
            "disabled":true
        },
        {	"prop":"valid_bet",
            "label":"有效投注",
            "sortable":true,
            "width":"150",
            "type":"divisionMoney",
            "disabled":true
        },
        {	"prop":"p_money",
            "label":"中奖金额",
            "width":"100",
            "type":"divisionMoney",
            "sortable":true,
            "disabled":true
        },
        {	"prop":"lose_earn",
            "label":"输赢",
            "width":"100",
            "type":"divisionMoney",
            "sortable":true,
            "disabled":true
        }
    ]
}
