{
    "columns":[
        {	"prop":"name",
            "label":"文案名称",
            "width": "200",
            "disabled":true
        },

        {	"prop":"language_name",
            "label":"语言",
            "width": "100",
            "disabled":true
        },
        {	"prop":"approve_status",
            "label":"审核状态",
            "filters":[{ "text": "待申请", "value": "pending"}, { "text": "申请中", "value": "applying" },{ "text": "已通过", "value": "pass" },{ "text": "已拒绝", "value": "rejected" }],
            "width": "100",
            "disabled":true
        },
        {	"prop":"status",
            "label":"使用状态",
            "filters":[{ "text": "停用", "value": "disabled"}, { "text": "启用", "value": "enabled" } ,{ "text": "删除", "value": "deleted" }],
            "width": "100",
            "disabled":true
        },
        {	"prop":"apply_to",
            "label":"适用于",
            "filters":[{ "text": "微信存款", "value": "wechat_deposit"}, { "text": "公司存款", "value": "company_deposit" },{ "text": "第三方网银", "value": "unionpay_deposit" },{ "text": "支付宝存款", "value": "alipay_deposit" },{ "text": "全局", "value": "global" }],
            "width": "160",
            "disabled":true
        },
        {	"prop":"created",
            "label":"生成时间",
            "width": "200",
            "disabled":true
        },

        {	"label":"操作",
            "type":"button",
            "width":"210",
            "disabled":true,
            "btnGroup":[
                {"btnType":"text","label":"启用","fn":"doEnabled" ,"propOne":"status","valOne":"disabled","propTwo":"approve_status","valTwo":"pass"},
                {"btnType":"text","label":"停用","fn":"doDisabled" ,"propOne":"status","valOne":"enabled","propTwo":"approve_status","valTwo":"pass"},
                {"btnType":"text","label":"申请","fn":"doApption","prop":"approve_status","val":"pending" },
                {"btnType":"text","label":"编辑","fn":"doEdit", "prop":"approve_status","val":"pending"},
                {"btnType":"text","label":"删除","fn":"doDel" },
                {"btnType":"text","label":"查看","fn":"doDetails"}
            ]
        }
    ]
}