{
  "columns": [
    {
      "prop": "user_name",
      "label": "用户名",
      "disabled": true,
      "type": "link",
      "fn": "openUserSet",
      "width": 130
    },
    {
      "prop": "agent_name",
      "label": "上级代理",
      "disabled": true,
      "type": "link",
      "fn": "openAgentSet",
      "width": 130
    },
    {
      "prop": "lottery_number",
      "label": "期号",
      "disabled": true,
      "width": 130
    },
    {
      "prop": "created",
      "label": "投注时间",
      "type": "date",
      "width": "170px",
      "disabled": true,
      "width": 200
    },
    
    {
      "prop": "order_number",
      "label": "注单号",
      "disabled": true,
      "width": 200
    },
    {
      "prop": "lottery_name",
      "label": "彩票名称",
      "disabled": true,
      "width": 150
    },
    {
      "prop": "odds_type",
      "label": "玩法",
      "disabled": true,
      "width": 150
    },
    {
      "prop": "play_number,period_code",
      "label": "投注内容",
      "type":"lottory_play",
      "disabled": true,
      "width": 180
    },
    {
      "prop": "odds",
      "label": "赔率",
      "disabled": true,
      "class": "tCent",
      "type": "array",
      "filterType": "array",
      "width": 100
    },
    {
      "prop": "pay_money",
      "label": "投注金额",
      "type": "divisionMoney",
      "disabled": true,
      "width": 100
    },
    {
      "prop": "valid_bet",
      "label": "有效投注",
      "type": "divisionMoney",
      "disabled": true,
      "width": 100
    },
    {
      "prop": "send_prize",
      "label": "中奖金额",
      "type": "divisionMoney",
      "disabled": true,
      "width": 100
    },
    {
      "prop": "lose_earn",
      "label": "输赢",
      "type": "divisionMoney",
      "disabled": true,
      "width": 100
    },
    {
      "prop": "status",
      "label": "状态",
      "disabled": true,
      "filters": [
        {
          "text": "已结算",
          "value": "open"
        },
        {
          "text": "未结算",
          "value": "unopen"
        },
        {
          "text": "已撤销",
          "value": "canceled"
        }
      ],
      "width": 100
    },
    {
      "label": "操作",
      "type": "button",
      "width": "100px",
      "disabled": true,
      "btnGroup": [
        {
          "btnType": "text",
          "label": "详情",
          "fn": "doDetail"
        },
        {
          "btnType": "text",
          "label": "撤单",
          "fn": "doKillOrder",
          "prop":"status",
          "val":"unopen"
        }
      ],
      "width": 200
    }
  ]
}
