{
  "columns":[
    { "prop":"user_name",
      "label":"用户名",
      "sortable":true,
      "disabled":true,
      "width":"100",
      "type":"link",
      "fn":"openUserSet"
    },
    { "prop":"ranting",
      "label":"会员等级",
      "sortable":true,
      "disabled":true,
      "width":"120"
    },
    { "prop":"rebet_money",
      "label":"返水金额",
      "sortable":true,
        "width":"150",
      "type":"divisionMoney",
      "disabled":true
    },
    {
      "prop":"coupon_money",
      "label":"优惠金额",
        "width":"150",
      "type":"divisionMoney",
      "sortable":true,
      "disabled":true
    },
    {
      "prop":"deposit_money",
      "label":"总存款",
        "width":"150",
      "sortable":true,
      "type":"divisionMoney",
      "disabled":true
    },
    {
      "prop":"withdraw_money",
      "label":"总提款",
        "width":"150",
      "sortable":true,
      "type":"divisionMoney",
      "disabled":true
    },
    {
      "prop":"bet_times",
      "label":"总投注笔数",
      "sortable":true,
        "width":"150",
      "type":"divisionMoney",
      "disabled":true
    },
    {
      "prop":"bet_money",
      "label":"总投注金额",
      "sortable":true,
      "type":"divisionMoney",
      "width":"150",
      "disabled":true
    },
    {
      "prop":"valid_bet",
      "label":"总有效投注",
      "sortable":true,
        "width":"150",
      "type":"divisionMoney",
      "disabled":true
    },
    {
      "prop":"send_prize",
      "label":"总派奖",
      "sortable":true,
        "width":"150",
      "type":"divisionMoney",
      "disabled":true
    },
    {
      "prop":"lose_earn",
      "label":"输赢",
      "sortable":true,
        "width":"150",
      "type":"divisionMoney",
      "disabled":true
    },
    {
      "prop":"balance",
      "label":"存取差额",
        "width":"150",
      "sortable":true,
      "type":"divisionMoney",
      "disabled":true
    }
  ]
}
