{
  "columns":[
    { "prop":"id",
      "label":"ID"
    },
    { "prop":"username",
      "label":"会员帐号",
      "disabled":true,
      "width":"120"
    },
    { "prop":"truename",
      "label":"真实姓名",
      "width":"120",
      "disabled":true
    },
    { "prop":"agent",
      "label":"上级代理",
      "width":"120",
      "type":"link",
      "fn":"openAgentInformation",
      "disabled":true
    },
    {
      "prop":"amount",
      "label":"主钱包额度",
      "width":"200",
      "disabled":true,
      "type":"divisionMoney"
    },
    {
      "prop":"th3_amount",
      "label":"子钱包额度",
      "width":"200",
      "disabled":true,
      "fn":"showSubPurse",
      "hover":true,
      "type":"linkDivisionMoney"
    },
    { "prop":"created,ip",
      "label":"注册时间/IP",
      "width":"220",
      "delimiter":"/",
      "width":"280",
      "type":"connect",
      "disabled":true
    },
    { "prop":"channel",
      "label":"注册来源",
      "width":"120",
      "filters":[{ "text": "PC", "value": "pc"}, { "text": "H5", "value": "h5" }, { "text": "APP", "value": "app" }, { "text": "其他", "value": "reserved" }],
      "disabled":true
    },
    { "prop":"tags",
      "label":"标签",
      "width":"100",
      "disabled":true
    },
    { "prop":"online",
      "label":"在线状态",
      "width":"120",
      "filters":[{ "text": "在线", "value": "1"}, { "text": "离线", "value": "0" }, { "text": "离线", "value": null }],
      "disabled":true
    },
    { "prop":"state",
      "label":"帐号状态",
      "width":"120",
      "filters":[{ "text": "启用", "value": "1"}, { "text": "停用", "value": "0"}, { "text": "封号", "value": "4"}],
      "disabled":true
    },
    {
      "label":"操作",
      "type":"button",
      "width":"280",
      "disabled":true,
      "btnGroup":[
        {"btnType":"text","label":"打标签","fn":"doAddLabel"},
        {"btnType":"text","label":"资料","fn":"doDetial"},
        {"btnType":"text","label":"调整余额","fn":"doAdjustedBalance"},
        {"btnType":"text","label":"下注","fn":"doNoteManagement"},
        {"btnType":"text","label":"现金","fn":"doFundDetails"},
        {"btnType":"text","label":"启用","fn":"doEnabled","prop":"state","val":"0"},
        {"btnType":"text","label":"停用","fn":"doDisabled","prop":"state","val":"1"},
        {"btnType":"text","label":"封号","fn":"doSeal","prop":"state","val":"1"},
        {"btnType":"text","label":"解封","fn":"doUnlock","prop":"state","val":"4"},
        {"btnType":"text","label":"取消标签","fn":"doCancelLabel","prop":"tags","val":null,"equal":false,"valNum":1},
        {"btnType":"text","label":"限额","fn":"doLimitLines"}
      ]
    }]
}
