{
  "columns": [
    {
      "prop": "id",
      "label": "ID"
    },
    {
      "prop": "title",
      "label": "邮件标题",
      "sortable": true,
      "width":"100",
      "disabled":true
    },
    {
      "prop": "created",
      "label": "发送时间",
      "sortable": true,
        "width":"150",
      "disabled":true
    },
    {
      "prop": "status",
      "label": "发送状态",
      "sortable": true,
        "width":"50",
      "disabled":true,
      "filters":[{ "text": "已发送", "value": "1"}, { "text": "未发送", "value": "0" }]
    },
    {
      "prop": "hyper_text",
      "label": "超文本格式",
      "sortable": true,
      "disabled":true,
        "width":"100",
      "filters":[{ "text": "是", "value": "1"}, { "text": "否", "value": "0" }]
    },
    {
      "label":"操作",
      "type":"button",
      "width":"210px",
        "width":"100",
      "disabled":true,
      "btnGroup":[{"btnType":"text","label":"查看","fn":"doDetial"},
        {"btnType":"text","label":"发送","fn":"doSend","prop":"status","val":"0"}]
    }
  ]
}
