{
    "columns": [
        {
            "prop": "id",
            "label": "ID"
        },
        {
            "prop": "name",
            "label": "彩种",
            "width": "200",
            "disabled": true
        },
        {
            "prop": "lottery_open_type",
            "label": "开奖方式",
            "width": "200",
            "disabled": true,
            "filters":[{"text":"杀率控制", "value": "1"},{"text":"随机控制", "value": "2"}]
        },
        {
            "prop": "win_bet",
            "label": "杀率（%）",
            "width": "200",
            "disabled": true
        },
        {
            "label": "操作",
            "type": "button",
            "width": "210",
            "disabled": true,
            "btnGroup": [
                {
                    "btnType": "text",
                    "label": "编辑",
                    "fn": "doEdit"
                }
            ]
        }
    ]
}
