{
  "columns":[
    {
      "prop":"id",
      "label":"ID"
    },
    { "prop":"lottery_name",
      "label":"彩票名称",
      "sortable":true,
      "disabled": true
    },
    { "prop":"lottery_number",
      "label":"当前期号",
      "sortable":true,
      "disabled": true
    },
    { "prop":"start_time",
      "label":"开盘时间",
      "sortable":true,
      "type":"date",
      "width":"190px",
      "disabled": true
    },
    { "prop":"end_time",
      "label":"封盘时间",
      "sortable":true,
      "type":"date",
      "width":"190px",
      "disabled": true
    },{
      "prop":"is_auto",
      "label":"自动派奖",
      "filters":[{ "text": "是", "value": "1"}, { "text": "否", "value": "0" }],
      "sortable":true,
      "disabled": true
    }]
}
