{
    "columns":[
        {	"prop":"user_name",
            "label":"会员帐号",
            "disabled":true
        },
        {	"prop":"agency_up",
            "label":"上级代理",
            "disabled":true
        },
        {	"prop":"account",
            "label":"第三方帐号",
            "disabled":true
        },
        {	"prop":"xzid",
            "label":"游戏名称",
            "disabled":true
        },
        {	"prop":"time_start",
            "label":"投注时间",
            "type":"date"
        },
        {	"prop":"scene",
            "label":"注单号",
            "disabled":true
        },
        {	"prop":"issue_money",
            "label":"投注金额",
            "disabled":true
        },
        {	"prop":"zhuohao",
            "label":"中奖",
            "disabled":true
        },
        {	"prop":"valid_bet",
            "label":"有效投注",
            "disabled":true
        },
        {	"prop":"wining",
            "label":"输赢",
            "disabled":true
        }
    ]
}
