{
  "columns":[
    { "prop":"user_name",
      "label":"用户名",
      "disabled":true,
      "width":"100",
      "type":"link",
      "width":"100",
      "fn":"openUserSet"
    },
    { "prop":"agent_name",
      "label":"上级代理",
      "disabled":true,
      "width":"120"
    },
    { "prop":"withdraw_lasttime",
      "label":"最后取款时间",
       "width":"150",
      "disabled":true
    },
    {
      "prop":"deposit_lasttime",
      "label":"最后存款时间",
        "width":"150",
      "disabled":true
    },
    {
      "prop":"deposit_online_times",
      "label":"线上存款次数",
      "disabled":true,
        "width":"100",
      "type":"link",
      "fn":"openOnline"
    },
    {
      "prop":"deposit_online_money",
      "label":"线上存款总金额",
      "disabled":true,
        "width":"150",
      "type":"divisionMoney"
    },
    {
      "prop":"deposit_offline_times",
      "label":"线下存款次数",
      "disabled":true,
        "width":"150",
      "type":"link",
      "fn":"openOffline"
    },
    {
      "prop":"deposit_offline_money",
      "label":"线下存款总金额",
      "disabled":true,
        "width":"150",
      "type":"divisionMoney"
    },
    {
      "prop":"deposit_max_money",
      "label":"存款单次最大金额",
      "disabled":true,
        "width":"150",
      "type":"divisionMoney"
    },
    {
      "prop":"withdraw_times",
      "label":"提款次数",
      "disabled":true,
        "width":"100",
      "type":"link",
      "fn":"openMeberGetOut"
    },
    {
      "prop":"withdraw_money",
      "label":"提款金额",
        "width":"150",
      "disabled":true,
      "type":"divisionMoney"
    },
    {
      "prop":"withdraw_max_money",
      "label":"单次提款最大金额",
      "disabled":true,
        "width":"150",
      "type":"divisionMoney"
    }
  ]
}
