{
  "columns":[
    { "prop":"id",
      "label":"ID",
      "width":"150"
    },
    { "prop":"partner_name",
      "label":"游戏类型",
      "disabled":true,
      "width":"150"
    },
    { "prop":"admin_url",
      "label":"后台网址",
      "disabled":true,
      "width":"350"
    },
    { "prop":"admin_account",
      "label":"登录帐号",
      "disabled":true,
      "width":"150"
    },
    { "prop":"admin_password",
      "label":"登陆密码",
      "disabled":true,
      "width":"150"
    }]
}
