{
  "columns": [
    {
      "prop": "id",
      "label": "ID"
    },
    {
      "prop": "title",
      "label": "邮件模板名称",
      "disabled":true
    },
    {
      "prop": "content",
      "label": "内容",
      "disabled":true
    },
    {
      "prop": "hyper_text",
      "label": "超文本格式",
      "disabled":true,
      "filters":[{ "text": "是", "value": 1}, { "text": "否", "value": 0 }]
    },
    {
      "label":"操作",
      "type":"button",
      "width":"210px",
      "disabled":true,
      "btnGroup":[{"btnType":"text","label":"查看","fn":"doDetail"}]
    }
  ]
}
