  {
  "columns": [
    {
      "prop": "id",
      "label": "ID",
      "disabled": false,
      "width":"100"
    },
    {
      "prop": "title",
      "label": "公告标题",
      "sortable": true,
      "disabled": true,
      "width":"200"
    },
    {
      "prop": "content",
      "label": "内容",
      "sortable": true,
      "disabled": false,
      "width":"300"
    },
    {
      "prop": "popup_type",
      "label": "弹出类型",
      "sortable": true,
      "width":"100",
      "disabled": true
    },
    {
      "prop": "recipient",
      "label": "接收人",
      "sortable": true,
      "width":"100",
      "disabled": true
    },
    {
      "prop": "admin_name",
      "label": "发布者",
      "width":"100",
      "sortable": true,
      "disabled": true
    },
    {
      "prop": "start_time",
      "label": "开始时间",
      "width":"150",
      "sortable": true,
      "disabled": true
    },
    {
      "prop": "end_time",
      "label": "结束时间",
      "width":"150",
      "sortable": true,
      "disabled": true
    },
    {
      "prop": "status",
      "label": "启用状态",
      "width":"100",
      "filters":[{ "text": "已启用", "value": "1"}, { "text": "已停用", "value": "2" }],
      "sortable": true,
      "disabled": true
    },
    {
      "label":"操作",
      "type":"button",
      "width":"210",
      "disabled":true,
      "btnGroup":[{"btnType":"text","label":"编辑","fn":"doDetail"},
                {"btnType":"text","label":"启用","fn":"doStart","prop":"status","val":"2"},
                {"btnType":"text","label":"停用","fn":"doStop","prop":"status","val":"1"},
                {"btnType":"text","label":"删除","fn":"doDel"}]
    }
  ]
}
