{
  "columns":[
    { "prop":"name",
      "label":"站点名称",
      "width":"100",
      "disabled":true
    },
    { "prop":"is_ssl",
      "label":"SSL",
      "width":"150",
      "disabled":true,
      "filters":[{ "text": "是", "value": "1"}, { "text": "否", "value": "0" }]
    },
    { "prop":"api",
      "label":"业务API",
        "width":"150",
      "disabled":true
    },
    { "prop":"wwww",
      "label":"PC网址",
        "width":"150",
      "disabled":true
    },
    { "prop":"m",
      "label":"H5网址",
        "width":"150",
      "disabled":true
    },
    { "prop":"www_tname",
      "label":"PC模板",
        "width":"150",
      "disabled":true
    },
    { "prop":"m_tname",
      "label":"H5模板",
        "width":"150",
      "disabled":true
    },
    { "prop":"assets",
      "label":"资源站",
        "width":"150",
      "disabled":true
    },
    { "prop":"logo",
      "label":"LOGO",
        "width":"150",
      "disabled":true
    },
    { "prop":"enable",
      "label":"状态",
        "width":"100",
      "disabled":true,
      "filters":[{ "text": "启用", "value": "1"}, { "text": "停用", "value": "0" }]
    },
    {
      "label":"操作",
      "type":"button",
      "width":"210",
      "disabled":true,
      "btnGroup":[
          {"btnType":"text","label":"修改","fn":"doEdit"},
          {"btnType":"text","label":"删除","fn":"doDelete"},
          {"btnType":"text","label":"停用","fn":"doDisabled","prop":"enable","val":"1"},
          {"btnType":"text","label":"启用","fn":"doEnabled","prop":"enable","val":"0"}
      ]
    }
  ]
}
