{
  "columns": [
    {
      "prop": "id",
      "label": "记录编号",
      "width":"100",
      "disabled":true
    },
    {
      "prop": "created_uname",
      "label": "操作者",
       "width":"100",
      "disabled":true
    },
    {
      "prop": "user_name",
      "label": "被操作者",
      "type":"link",
       "width":"100",
      "fn":"openMember",
      "disabled":true
    },
    {
      "prop": "module",
      "label": "模块名称",
       "width":"100",
      "disabled":true
    },
    {
      "prop": "op_type",
      "label": "操作类型",
       "width":"100",
      "disabled":true
    },
    {
      "prop": "ip",
       "width":"100",
      "label": "IP",
      "disabled":true
    },
    {
      "prop": "created",
      "label": "操作时间",
       "width":"150",
      "disabled":true
    },
    {
      "prop": "result",
      "label": "结果",
       "width":"50",
      "disabled":true,
      "filters":[{ "text": "成功", "value": "1"}, { "text": "失败", "value": "0" }]
    },
    {
      "prop": "remark",
      "label": "详细信息",
       "width":"200",
      "class":"text_nowrap",
      "disabled":true
    }
  ]
}
